Timestamp,Windspeed,Power
01/01/2010 00:00,8.218589783,0.527432579
01/01/2010 00:10,10.07549953,0.698405343
01/01/2010 00:20,10.18490028,0.642705126
01/01/2010 00:30,8.562660217,0.534949292
01/01/2010 00:40,8.935330391,0.394143067
01/01/2010 00:50,8.784310341,0.432669256
01/01/2010 01:00,8.90237999,0.530361677
01/01/2010 01:10,8.292920113,0.414331132
01/01/2010 01:20,7.975389957,0.487550339
01/01/2010 01:30,8.835840225,0.516603642
01/01/2010 01:40,8.25772953,0.487509211
01/01/2010 01:50,7.617760181,0.475296752
01/01/2010 02:00,7.946589947,0.468728371
01/01/2010 02:10,7.844490051,0.401621535
01/01/2010 02:20,7.119440079,0.459279299
01/01/2010 02:30,7.74104023,0.558136399
01/01/2010 02:40,8.690770149,0.619807534
01/01/2010 02:50,8.95827961,0.640412895
01/01/2010 03:00,8.199040413,0.558977529
01/01/2010 03:10,7.046299934,0.452793445
01/01/2010 03:20,6.944049835,0.449552619
01/01/2010 03:30,7.016620159,0.400460002
01/01/2010 03:40,6.661719799,0.411155262
01/01/2010 03:50,7.732039928,0.468037506
01/01/2010 04:00,7.383619785,0.448395865
01/01/2010 04:10,7.787059784,0.46756191
01/01/2010 04:20,7.843460083,0.498504011
01/01/2010 04:30,7.75549984,0.483817756
01/01/2010 04:40,7.756979942,0.494755908
01/01/2010 04:50,,
01/01/2010 05:00,,
01/01/2010 05:10,,
01/01/2010 05:20,,
01/01/2010 05:30,,
01/01/2010 05:40,,
01/01/2010 05:50,,
01/01/2010 06:00,,
01/01/2010 06:10,,
01/01/2010 06:20,,
01/01/2010 06:30,,
01/01/2010 06:40,,
01/01/2010 06:50,,
01/01/2010 07:00,,
01/01/2010 07:10,,
01/01/2010 07:20,,
01/01/2010 07:30,,
01/01/2010 07:40,,
01/01/2010 07:50,6.848579884,0.358957403
01/01/2010 08:00,6.775859833,0.349567716
01/01/2010 08:10,7.494369984,0.320689522
01/01/2010 08:20,7.600830078,0.321505467
01/01/2010 08:30,8.056539536,0.283317543
01/01/2010 08:40,7.948209763,0.288600237
01/01/2010 08:50,8.1,0.265867671
01/01/2010 09:00,8.289139748,0.226704417
01/01/2010 09:10,8.229140282,0.223473036
01/01/2010 09:20,8.015390396,0.212043405
01/01/2010 09:30,7.851429939,0.188099214
01/01/2010 09:40,7.97356987,0.173255787
01/01/2010 09:50,7.671289921,0.193796276
01/01/2010 10:00,6.720069885,0.203199247
01/01/2010 10:10,5.988589764,0.200259849
01/01/2010 10:20,5.975769997,0.180510534
01/01/2010 10:30,6.904759884,0.148688641
01/01/2010 10:40,5.987020016,0.137382672
01/01/2010 10:50,6.083179951,0.139877435
01/01/2010 11:00,6.077519894,0.138340226
01/01/2010 11:10,6.184160233,0.147242242
01/01/2010 11:20,6.109240055,0.145093933
01/01/2010 11:30,5.243850231,0.129757474
01/01/2010 11:40,5.588059902,0.111554857
01/01/2010 11:50,4.831019878,0.074232288
01/01/2010 12:00,4.875760078,0.079003702
01/01/2010 12:10,5.001550198,0.082520336
01/01/2010 12:20,4.785369873,0.094354553
01/01/2010 12:30,4.78178978,0.115809808
01/01/2010 12:40,4.914239883,0.11817874
01/01/2010 12:50,5.174330235,0.119518403
01/01/2010 13:00,5.540150166,0.14258886
01/01/2010 13:10,5.277450085,0.123842184
01/01/2010 13:20,6.052070141,0.159648211
01/01/2010 13:30,5.34800005,0.167264784
01/01/2010 13:40,5.378940105,0.145679469
01/01/2010 13:50,5.911049843,0.152089865
01/01/2010 14:00,5.883780003,0.170397433
01/01/2010 14:10,6.291500092,0.159088003
01/01/2010 14:20,5.692540169,0.147689582
01/01/2010 14:30,1000,0.163311846
01/01/2010 14:40,1000,0.144245664
01/01/2010 14:50,1000,0.133522277
01/01/2010 15:00,1000,0.13477392
01/01/2010 15:10,1000,0.092724473
01/01/2010 15:20,1000,0.080179545
01/01/2010 15:30,1000,0.112536653
01/01/2010 15:40,1000,0.139941175
01/01/2010 15:50,1000,0.117285854
01/01/2010 16:00,1000,0.138064088
01/01/2010 16:10,1000,0.151653753
01/01/2010 16:20,1000,0.141054411
01/01/2010 16:30,1000,0.146439782
01/01/2010 16:40,1000,0.161158535
01/01/2010 16:50,1000,0.166906583
01/01/2010 17:00,1000,0.161611919
01/01/2010 17:10,1000,0.168179841
01/01/2010 17:20,1000,0.169414487
01/01/2010 17:30,1000,0.181462127
01/01/2010 17:40,1000,0.173142966
01/01/2010 17:50,1000,0.145689086
01/01/2010 18:00,1000,0.147283611
01/01/2010 18:10,1000,0.135024589
01/01/2010 18:20,1000,0.114117548
01/01/2010 18:30,1000,0.145521612
01/01/2010 18:40,1000,0.15146808
01/01/2010 18:50,1000,0.106503025
01/01/2010 19:00,1000,0.098562125
01/01/2010 19:10,3.819930077,0.113427216
01/01/2010 19:20,3.85097003,0.137841407
01/01/2010 19:30,4.815239906,0.172163018
01/01/2010 19:40,5.10668993,0.145728419
01/01/2010 19:50,5.643020153,0.154053068
01/01/2010 20:00,6.627059937,0.151525814
01/01/2010 20:10,6.757629871,0.125636655
01/01/2010 20:20,7.51101017,0.096397007
01/01/2010 20:30,5.814949989,0.076421579
01/01/2010 20:40,5.104430199,0.069109486
01/01/2010 20:50,6.874909878,0.106327538
01/01/2010 21:00,6.9511199,0.126592668
01/01/2010 21:10,5.861830235,0.106798592
01/01/2010 21:20,4.690730095,0.127811748
01/01/2010 21:30,5.309269905,0.111927673
01/01/2010 21:40,6.722499847,0.113402921
01/01/2010 21:50,5.979599953,0.124188536
01/01/2010 22:00,5.978990078,0.133617902
01/01/2010 22:10,6.776529789,0.153789403
01/01/2010 22:20,6.661459923,0.130678826
01/01/2010 22:30,6.362309933,0.114399793
01/01/2010 22:40,7.142320156,0.124470968
01/01/2010 22:50,7.854179859,0.184723294
01/01/2010 23:00,8.391289711,0.214754799
01/01/2010 23:10,8.556779861,0.202634614
01/01/2010 23:20,8.79458046,0.233418728
01/01/2010 23:30,9.537349701,0.336470992
01/01/2010 23:40,8.882450104,0.324178854
01/01/2010 23:50,9.328660011,0.348974487
02/01/2010 00:00,9.298190117,0.387136773
02/01/2010 00:10,13.7322998,0.756161549
02/01/2010 00:20,10.98289967,0.632411124
02/01/2010 00:30,9.875729561,0.532890893
02/01/2010 00:40,10.37119961,0.558700826
02/01/2010 00:50,10.60760021,0.566354277
02/01/2010 01:00,9.327320099,0.502672691
02/01/2010 01:10,8.060810089,0.349131143
02/01/2010 01:20,8.639010429,0.405043742
02/01/2010 01:30,10.4921999,0.489047973
02/01/2010 01:40,10.29870033,0.49222786
02/01/2010 01:50,10.66650009,0.618939086
02/01/2010 02:00,9.626199722,0.450480239
02/01/2010 02:10,10.09420013,0.493073907
02/01/2010 02:20,10.67669964,0.540870597
02/01/2010 02:30,11.67959976,0.697211667
02/01/2010 02:40,12.32240009,0.779355869
02/01/2010 02:50,13.01010036,0.881154165
02/01/2010 03:00,12.24860001,0.833522467
02/01/2010 03:10,12.05109978,0.790012732
02/01/2010 03:20,11.84869957,0.796892931
02/01/2010 03:30,13.04090023,0.902156682
02/01/2010 03:40,12.3508997,0.794398652
02/01/2010 03:50,11.36880016,0.708848806
02/01/2010 04:00,10.68710041,0.683600541
02/01/2010 04:10,11.89260006,0.685199796
02/01/2010 04:20,12.72599983,0.804811626
02/01/2010 04:30,11.73989964,0.704800359
02/01/2010 04:40,10.93599987,0.618423553
02/01/2010 04:50,10.44120026,0.592805611
02/01/2010 05:00,10.3295002,0.515794094
02/01/2010 05:10,10.88500023,0.575812849
02/01/2010 05:20,12.20709991,0.759757382
02/01/2010 05:30,12.98019981,0.864296054
02/01/2010 05:40,12.71070004,0.874098451
02/01/2010 05:50,12.2482996,0.806391101
02/01/2010 06:00,12.24569988,0.769978159
02/01/2010 06:10,11.69789982,0.735320279
02/01/2010 06:20,11.79749966,0.681102956
02/01/2010 06:30,11.76179981,0.716946867
02/01/2010 06:40,12.70390034,0.785434455
02/01/2010 06:50,14.01690006,0.876592597
02/01/2010 07:00,13.33139992,0.824457886
02/01/2010 07:10,12.46150017,0.747643719
02/01/2010 07:20,11.54850006,0.73931192
02/01/2010 07:30,11.84990025,0.633616603
02/01/2010 07:40,11.54629993,0.652672193
02/01/2010 07:50,11.76010036,0.708789021
02/01/2010 08:00,12.23219967,0.675196364
02/01/2010 08:10,11.27569962,0.550071259
02/01/2010 08:20,11.56239986,0.540176014
02/01/2010 08:30,10.73149967,0.511751297
02/01/2010 08:40,10.40820026,0.451013276
02/01/2010 08:50,10.03730011,0.41201257
02/01/2010 09:00,10.30360031,0.389819344
02/01/2010 09:10,10.31099987,0.419136165
02/01/2010 09:20,9.97303009,0.380674362
02/01/2010 09:30,9.62804985,0.349467916
02/01/2010 09:40,8.871589661,0.273222656
02/01/2010 09:50,8.641619682,0.270676966
02/01/2010 10:00,9.22329998,0.350393569
02/01/2010 10:10,8.67868042,0.286836108
02/01/2010 10:20,8.443610191,0.253903343
02/01/2010 10:30,8.741999626,0.295140135
02/01/2010 10:40,9.50592041,0.285902925
02/01/2010 10:50,9.3167696,0.311584782
02/01/2010 11:00,10.03800011,0.335877751
02/01/2010 11:10,9.613140106,0.346139613
02/01/2010 11:20,10.41279984,0.454358479
02/01/2010 11:30,9.980389595,0.353706271
02/01/2010 11:40,8.661020279,0.246700641
02/01/2010 11:50,8.814189911,0.243970866
02/01/2010 12:00,9.322179794,0.253392801
02/01/2010 12:10,9.332650185,0.29521265
02/01/2010 12:20,8.538399696,0.299401
02/01/2010 12:30,8.006649971,0.240828302
02/01/2010 12:40,8.56194973,0.257316518
02/01/2010 12:50,9.516619682,0.286318626
02/01/2010 13:00,8.328009605,0.222415824
02/01/2010 13:10,8.734470367,0.219726472
02/01/2010 13:20,8.701769829,0.246245922
02/01/2010 13:30,8.199419975,0.22482853
02/01/2010 13:40,8.238949776,0.195589366
02/01/2010 13:50,7.734469891,0.165459712
02/01/2010 14:00,9.000969887,0.25235921
02/01/2010 14:10,8.600049973,0.267500295
02/01/2010 14:20,8.908129692,0.284024373
02/01/2010 14:30,9.605520248,0.354813402
02/01/2010 14:40,9.726969719,0.358532912
02/01/2010 14:50,8.876580238,0.265898175
02/01/2010 15:00,9.453089714,0.420654212
02/01/2010 15:10,10.40289974,0.378190893
02/01/2010 15:20,9.217670441,0.282562007
02/01/2010 15:30,8.817429543,0.244277706
02/01/2010 15:40,8.4792099,0.210496596
02/01/2010 15:50,9.134429932,0.247697744
02/01/2010 16:00,9.477660179,0.293751428
02/01/2010 16:10,9.256219864,0.31674258
02/01/2010 16:20,9.957859993,0.349486701
02/01/2010 16:30,9.177869797,0.273974118
02/01/2010 16:40,9.401470184,0.368158921
02/01/2010 16:50,9.133339882,0.308604203
02/01/2010 17:00,7.938399792,0.224882927
02/01/2010 17:10,8.464819908,0.219073205
02/01/2010 17:20,8.686920166,0.247112266
02/01/2010 17:30,9.219510078,0.270580944
02/01/2010 17:40,8.310460091,0.2501948
02/01/2010 17:50,8.967040062,0.293043327
02/01/2010 18:00,9.777099609,0.332875629
02/01/2010 18:10,9.627940178,0.295064665
02/01/2010 18:20,9.814439774,0.324053153
02/01/2010 18:30,10.63370037,0.400075056
02/01/2010 18:40,9.773920059,0.294105071
02/01/2010 18:50,10.43150043,0.345848931
02/01/2010 19:00,9.30766964,0.325974229
02/01/2010 19:10,9.243740082,0.364636032
02/01/2010 19:20,10.28390026,0.451361145
02/01/2010 19:30,11.02579975,0.470378247
02/01/2010 19:40,11.01860046,0.431545432
02/01/2010 19:50,10.15779972,0.366936587
02/01/2010 20:00,9.190079689,0.411219345
02/01/2010 20:10,8.376059532,0.397528494
02/01/2010 20:20,7.471059799,0.261270761
02/01/2010 20:30,6.218550205,0.161048496
02/01/2010 20:40,6.407249928,0.148610398
02/01/2010 20:50,6.29241991,0.119351619
02/01/2010 21:00,4.861690044,0.10259121
02/01/2010 21:10,4.450469971,0.107670028
02/01/2010 21:20,5.977530003,0.110158797
02/01/2010 21:30,6.633140087,0.068887219
02/01/2010 21:40,5.686349869,0.066076267
02/01/2010 21:50,6.441170216,0.112614968
02/01/2010 22:00,7.751780033,0.087242376
02/01/2010 22:10,6.698959827,0.059916098
02/01/2010 22:20,6.074269772,0.042534175
02/01/2010 22:30,5.416570187,0.028642221
02/01/2010 22:40,5.324669838,0.035810716
02/01/2010 22:50,5.166689873,0.070688523
02/01/2010 23:00,4.760550022,0.051330021
02/01/2010 23:10,4.587910175,0.036827021
02/01/2010 23:20,5.185780048,0.033472212
02/01/2010 23:30,4.117320061,0.037349763
02/01/2010 23:40,4.238049984,0.030311291
02/01/2010 23:50,4.308700085,0.028235756
03/01/2010 00:00,3.833630085,0.027092381
03/01/2010 00:10,4.288000107,0.03157591
03/01/2010 00:20,5.262010098,0.036897955
03/01/2010 00:30,5.459829807,0.028579602
03/01/2010 00:40,4.965660095,0.012897534
03/01/2010 00:50,3.987020016,0.002554671
03/01/2010 01:00,4.310770035,0.005728118
03/01/2010 01:10,4.088829994,0.007241084
03/01/2010 01:20,3.789010048,0.0042777
03/01/2010 01:30,3.858409882,0.008754349
03/01/2010 01:40,3.507849932,0.015809723
03/01/2010 01:50,2.609240055,7.58E-05
03/01/2010 02:00,3.378599882,-0.001416871
03/01/2010 02:10,2.712529898,-0.003643248
03/01/2010 02:20,3.121380091,-0.001634666
03/01/2010 02:30,3.476720095,0.000820254
03/01/2010 02:40,3.7161901,5.59E-05
03/01/2010 02:50,2.948580027,0.002852764
03/01/2010 03:00,3.651299953,0.004512863
03/01/2010 03:10,3.198410034,0.002610988
03/01/2010 03:20,3.056999922,0.00084617
03/01/2010 03:30,3.148479939,0.005751102
03/01/2010 03:40,3.45855999,0.009011893
03/01/2010 03:50,3.249119997,0.006306223
03/01/2010 04:00,3.486129999,0.004942762
03/01/2010 04:10,3.256069899,0.010049312
03/01/2010 04:20,3.709530115,0.010776393
03/01/2010 04:30,4.256420135,0.002981585
03/01/2010 04:40,4.801819801,0.009076203
03/01/2010 04:50,3.990760088,0.004673998
03/01/2010 05:00,3.190609932,-0.002149717
03/01/2010 05:10,2.293319941,-0.004394412
03/01/2010 05:20,2.943039894,-0.002341039
03/01/2010 05:30,3.289920092,-0.000523473
03/01/2010 05:40,3.214900017,0.007446937
03/01/2010 05:50,3.369349957,0.020045726
03/01/2010 06:00,3.500960112,0.005841078
03/01/2010 06:10,3.561800003,-4.44E-05
03/01/2010 06:20,1.986909986,-0.002266598
03/01/2010 06:30,1.774790049,-0.003399148
03/01/2010 06:40,1.960890055,-0.004297886
03/01/2010 06:50,2.82833004,-0.004435343
03/01/2010 07:00,3.043519974,-0.004432913
03/01/2010 07:10,2.066910028,-0.004324955
03/01/2010 07:20,2.151489973,-0.003872856
03/01/2010 07:30,2.338799953,-0.004225046
03/01/2010 07:40,2.103840113,-0.004088514
03/01/2010 07:50,1.405480027,-0.003813684
03/01/2010 08:00,2.442889929,-0.004190841
03/01/2010 08:10,2.422879934,-0.004082942
03/01/2010 08:20,2.159149885,-0.003833716
03/01/2010 08:30,2.065629959,-0.003669732
03/01/2010 08:40,1.902099967,-0.003496962
03/01/2010 08:50,2.1129601,-0.003393838
03/01/2010 09:00,2.600490093,-0.00332054
03/01/2010 09:10,2.709189892,-0.003186409
03/01/2010 09:20,3.280960083,-0.002244359
03/01/2010 09:30,3.588439941,-0.002655613
03/01/2010 09:40,3.679919958,-0.002942215
03/01/2010 09:50,3.723939896,-0.001148526
03/01/2010 10:00,3.679120064,0.001913615
03/01/2010 10:10,3.811609983,0.002708733
03/01/2010 10:20,3.715759993,0.003638725
03/01/2010 10:30,2.721339941,1.37E-05
03/01/2010 10:40,2.428780079,-0.003222974
03/01/2010 10:50,2.466530085,-0.003918783
03/01/2010 11:00,1.23258996,-0.003766522
03/01/2010 11:10,0.941920996,-0.00353447
03/01/2010 11:20,0.42146799,-0.003375785
03/01/2010 11:30,1.772690058,-0.003478823
03/01/2010 11:40,2.12816,-0.003526945
03/01/2010 11:50,1.977339983,-0.003657814
03/01/2010 12:00,1.674489975,-0.003795632
03/01/2010 12:10,1.822409987,-0.003551165
03/01/2010 12:20,2.642620087,-0.003755088
03/01/2010 12:30,2.181960106,-0.003669318
03/01/2010 12:40,2.458640099,-0.003766934
03/01/2010 12:50,2.289069891,-0.003014374
03/01/2010 13:00,2.477910042,-0.002752442
03/01/2010 13:10,3.023890018,-0.003323897
03/01/2010 13:20,2.145770073,-0.003333305
03/01/2010 13:30,2.126110077,-0.001466883
03/01/2010 13:40,2.661139965,-0.001746668
03/01/2010 13:50,1.963879943,-0.003048682
03/01/2010 14:00,1.50872004,-0.002691429
03/01/2010 14:10,1.17877996,-0.002535724
03/01/2010 14:20,1.841820002,-0.003407966
03/01/2010 14:30,1.830669999,-0.003686948
03/01/2010 14:40,1.512490034,-0.003408677
03/01/2010 14:50,0.26444599,-0.003294054
03/01/2010 15:00,0.248575002,-0.00329982
03/01/2010 15:10,0.245800003,-0.003295938
03/01/2010 15:20,0.245800003,-0.003333552
03/01/2010 15:30,0.583773017,-0.003333284
03/01/2010 15:40,1.101019979,-0.003342197
03/01/2010 15:50,1.153540015,-0.003317216
03/01/2010 16:00,0.254000008,-0.00332986
03/01/2010 16:10,0.245800003,-0.003348362
03/01/2010 16:20,0.271510988,-0.003339558
03/01/2010 16:30,0.245800003,-0.0033254
03/01/2010 16:40,0.841527998,-0.003343047
03/01/2010 16:50,0.245800003,-0.003352427
03/01/2010 17:00,0.245800003,-0.003380772
03/01/2010 17:10,0.319243997,-0.003384458
03/01/2010 17:20,1.453289986,-0.003356428
03/01/2010 17:30,1.618899941,-0.003366663
03/01/2010 17:40,1.141489983,-0.003366872
03/01/2010 17:50,0.606956005,-0.003356312
03/01/2010 18:00,1.280310035,-0.0033489
03/01/2010 18:10,0.477174014,-0.003361231
03/01/2010 18:20,0.419236988,-0.003371408
03/01/2010 18:30,0.396690995,-0.003414801
03/01/2010 18:40,0.662917018,-0.003416472
03/01/2010 18:50,0.255097002,-0.003418489
03/01/2010 19:00,0.46510601,-0.00342952
03/01/2010 19:10,0.91850698,-0.003436311
03/01/2010 19:20,0.320648998,-0.003436629
03/01/2010 19:30,0.245800003,-0.003457108
03/01/2010 19:40,0.752746999,-0.003441018
03/01/2010 19:50,1.671730042,-0.003445179
03/01/2010 20:00,0.784235001,-0.003435465
03/01/2010 20:10,0.245800003,-0.00344416
03/01/2010 20:20,0.250063002,-0.00344578
03/01/2010 20:30,0.432779014,-0.00346644
03/01/2010 20:40,0.245800003,-0.00346347
03/01/2010 20:50,0.245800003,-0.003480545
03/01/2010 21:00,0.245800003,-0.003493711
03/01/2010 21:10,0.245800003,-0.00349049
03/01/2010 21:20,0.256767988,-0.003471551
03/01/2010 21:30,0.245800003,-0.003474639
03/01/2010 21:40,0.245800003,-0.003474258
03/01/2010 21:50,0.245918006,-0.003450673
03/01/2010 22:00,0.245800003,-0.003437205
03/01/2010 22:10,0.245800003,-0.003439866
03/01/2010 22:20,0.245800003,-0.003430022
03/01/2010 22:30,0.245800003,-0.003425777
03/01/2010 22:40,0.245800003,-0.003435007
03/01/2010 22:50,0.522031009,-0.003444301
03/01/2010 23:00,1.182289958,-0.003467412
03/01/2010 23:10,0.368110001,-0.003493167
03/01/2010 23:20,0.656624973,-0.003492564
03/01/2010 23:30,0.895134985,-0.003491565
03/01/2010 23:40,1.182430029,-0.003471946
03/01/2010 23:50,1.529539943,-0.003480171
04/01/2010 00:00,1.203670025,-0.003499456
04/01/2010 00:10,0.363424987,-0.003488188
04/01/2010 00:20,0.741464019,-0.003495453
04/01/2010 00:30,1.44472003,-0.003500438
04/01/2010 00:40,0.513732016,-0.003477219
04/01/2010 00:50,1.946959972,-0.003477046
04/01/2010 01:00,1.799919963,-0.00349039
04/01/2010 01:10,1.503489971,-0.003477837
04/01/2010 01:20,1.42129004,-0.003450863
04/01/2010 01:30,2.151380062,-0.00346113
04/01/2010 01:40,2.548409939,-0.003491043
04/01/2010 01:50,2.447920084,-0.003496734
04/01/2010 02:00,1.924299955,-0.003474428
04/01/2010 02:10,1.525599957,-0.003473922
04/01/2010 02:20,1.47555995,-0.003457553
04/01/2010 02:30,0.66921699,-0.003480606
04/01/2010 02:40,1.384050012,-0.00347703
04/01/2010 02:50,1.354349971,-0.00350761
04/01/2010 03:00,0.353128999,-0.003502275
04/01/2010 03:10,0.245800003,-0.003513095
04/01/2010 03:20,0.245800003,-0.003469051
04/01/2010 03:30,0.245800003,-0.003416217
04/01/2010 03:40,0.245800003,-0.003399784
04/01/2010 03:50,0.245800003,-0.003387145
04/01/2010 04:00,0.245800003,-0.003397317
04/01/2010 04:10,0.245800003,-0.003391641
04/01/2010 04:20,0.245800003,-0.003404651
04/01/2010 04:30,1.769979954,-0.003581368
04/01/2010 04:40,2.519119978,-0.003981478
04/01/2010 04:50,3.787909985,-0.003824443
04/01/2010 05:00,4.135159969,-0.002827935
04/01/2010 05:10,4.438960075,0.001433051
04/01/2010 05:20,4.756939888,0.005675573
04/01/2010 05:30,5.002950191,0.009346035
04/01/2010 05:40,4.704110146,0.008850678
04/01/2010 05:50,4.555860043,0.012648217
04/01/2010 06:00,4.39331007,0.014423756
04/01/2010 06:10,4.888070107,0.016377266
04/01/2010 06:20,4.992790222,0.019939384
04/01/2010 06:30,5.19715023,0.019654177
04/01/2010 06:40,4.535560131,0.018818612
04/01/2010 06:50,4.390210152,0.019830377
04/01/2010 07:00,3.721849918,0.020006588
04/01/2010 07:10,4.703430176,0.019123324
04/01/2010 07:20,5.144010067,0.014981188
04/01/2010 07:30,4.453649998,0.015259054
04/01/2010 07:40,4.559909821,0.021570464
04/01/2010 07:50,4.734809875,0.026848188
04/01/2010 08:00,5.120979786,0.027809553
04/01/2010 08:10,5.422870159,0.026352408
04/01/2010 08:20,5.033209801,0.026577371
04/01/2010 08:30,4.620289803,0.022702995
04/01/2010 08:40,4.679299831,0.016437737
04/01/2010 08:50,3.835150003,0.012779557
04/01/2010 09:00,3.013950109,0.013486162
04/01/2010 09:10,3.7193501,0.016465763
04/01/2010 09:20,3.421430111,0.019004246
04/01/2010 09:30,3.978569984,0.027954523
04/01/2010 09:40,4.5697999,0.030780541
04/01/2010 09:50,4.683849812,0.033154354
04/01/2010 10:00,5.416920185,0.027409218
04/01/2010 10:10,4.567540169,0.026495657
04/01/2010 10:20,4.745100021,0.029095485
04/01/2010 10:30,5.381000042,0.029966874
04/01/2010 10:40,5.160039902,0.027784692
04/01/2010 10:50,5.389420033,0.022358246
04/01/2010 11:00,4.878660202,0.017452712
04/01/2010 11:10,4.207530022,0.014072627
04/01/2010 11:20,4.616829872,0.011041115
04/01/2010 11:30,4.714399815,0.006706527
04/01/2010 11:40,4.242080212,0.00127227
04/01/2010 11:50,3.541779995,-0.001872704
04/01/2010 12:00,3.296930075,-0.002965456
04/01/2010 12:10,2.939899921,-0.003240308
04/01/2010 12:20,2.90267992,-0.003283042
04/01/2010 12:30,2.177750111,-0.002902016
04/01/2010 12:40,1.917659998,-0.000753018
04/01/2010 12:50,1.893859982,0.005437729
04/01/2010 13:00,1.591599941,0.017246685
04/01/2010 13:10,2.575500011,0.023263076
04/01/2010 13:20,3.973769903,0.029898144
04/01/2010 13:30,4.737979889,0.034832394
04/01/2010 13:40,4.530630112,0.042280288
04/01/2010 13:50,4.36221981,0.033730655
04/01/2010 14:00,4.735040188,0.03342025
04/01/2010 14:10,3.955519915,0.026397111
04/01/2010 14:20,3.567529917,0.024257613
04/01/2010 14:30,3.29192996,0.020071971
04/01/2010 14:40,3.967609882,0.03168941
04/01/2010 14:50,4.301859856,0.022334634
04/01/2010 15:00,3.288539886,0.018505429
04/01/2010 15:10,3.72555995,0.018464132
04/01/2010 15:20,3.71687007,0.015107215
04/01/2010 15:30,3.406169891,0.02841337
04/01/2010 15:40,4.227650166,0.018060925
04/01/2010 15:50,3.690589905,0.020104743
04/01/2010 16:00,3.489020109,0.015845411
04/01/2010 16:10,4.089220047,0.010077664
04/01/2010 16:20,2.64538002,0.007488629
04/01/2010 16:30,2.206089973,0.002800901
04/01/2010 16:40,2.827339888,-0.000626987
04/01/2010 16:50,2.147399902,-0.002086889
04/01/2010 17:00,1.799919963,-0.002768818
04/01/2010 17:10,2.327709913,-0.003225078
04/01/2010 17:20,2.386399984,-0.003179572
04/01/2010 17:30,2.670069933,-0.003350761
04/01/2010 17:40,2.515000105,-0.00288369
04/01/2010 17:50,2.439939976,-0.002480496
04/01/2010 18:00,2.594719887,-0.001941545
04/01/2010 18:10,2.920469999,-0.000893681
04/01/2010 18:20,2.445240021,-0.00114157
04/01/2010 18:30,2.968270063,-0.000277688
04/01/2010 18:40,3.067379951,0.000769595
04/01/2010 18:50,3.078649998,0.003560365
04/01/2010 19:00,3.441489935,0.004050352
04/01/2010 19:10,3.036989927,0.006833172
04/01/2010 19:20,2.647269964,0.005463589
04/01/2010 19:30,3.060339928,0.003082012
04/01/2010 19:40,3.352260113,0.002761719
04/01/2010 19:50,3.012360096,0.003828274
04/01/2010 20:00,3.020169973,0.005395171
04/01/2010 20:10,3.005160093,0.003705475
04/01/2010 20:20,3.029779911,0.002074531
04/01/2010 20:30,3.10848999,0.000251451
04/01/2010 20:40,3.245170116,0.000540583
04/01/2010 20:50,3.281699896,0.001425203
04/01/2010 21:00,2.707700014,0.001786021
04/01/2010 21:10,3.191580057,0.002168634
04/01/2010 21:20,3.775870085,0.003530374
04/01/2010 21:30,3.260489941,0.007007222
04/01/2010 21:40,3.883579969,0.008021861
04/01/2010 21:50,4.159609795,0.007920019
04/01/2010 22:00,3.72626996,0.014386141
04/01/2010 22:10,4.356490135,0.017249381
04/01/2010 22:20,4.499929905,0.022168895
04/01/2010 22:30,4.772900105,0.023447133
04/01/2010 22:40,4.95994997,0.017780373
04/01/2010 22:50,3.48119998,0.017713459
04/01/2010 23:00,3.753329992,0.023018973
04/01/2010 23:10,4.076169968,0.020732208
04/01/2010 23:20,3.56479001,0.019362562
04/01/2010 23:30,3.456419945,0.018062191
04/01/2010 23:40,3.938329935,0.01595291
04/01/2010 23:50,3.992959976,0.016937651
05/01/2010 00:00,4.375440121,0.015741205
05/01/2010 00:10,4.3791399,0.016434191
05/01/2010 00:20,4.354489803,0.02282932
05/01/2010 00:30,3.217570066,0.026268831
05/01/2010 00:40,3.969579935,0.030985195
05/01/2010 00:50,4.163849831,0.039228924
05/01/2010 01:00,3.695260048,0.039931487
05/01/2010 01:10,4.145929813,0.035697433
05/01/2010 01:20,4.824120045,0.035539871
05/01/2010 01:30,4.801780224,0.044531461
05/01/2010 01:40,4.592339993,0.041003332
05/01/2010 01:50,5.149280071,0.04022742
05/01/2010 02:00,5.408619881,0.049016377
05/01/2010 02:10,5.37526989,0.063389101
05/01/2010 02:20,4.482659817,0.067348655
05/01/2010 02:30,5.580180168,0.07904033
05/01/2010 02:40,5.55313015,0.079110965
05/01/2010 02:50,5.203509808,0.075925732
05/01/2010 03:00,4.90571022,0.070387542
05/01/2010 03:10,5.418149948,0.054482017
05/01/2010 03:20,3.882570028,0.047641402
05/01/2010 03:30,5.157030106,0.055525687
05/01/2010 03:40,4.230380058,0.084487331
05/01/2010 03:50,5.167349815,0.143897271
05/01/2010 04:00,5.927559853,0.171269772
05/01/2010 04:10,5.786419868,0.176421706
05/01/2010 04:20,5.710179806,0.176488636
05/01/2010 04:30,5.72631979,0.180215398
05/01/2010 04:40,4.58577013,0.177673334
05/01/2010 04:50,5.646860123,0.204981951
05/01/2010 05:00,4.941689968,0.162707101
05/01/2010 05:10,5.346920013,0.172488311
05/01/2010 05:20,5.907720089,0.204932491
05/01/2010 05:30,5.615479946,0.182597102
05/01/2010 05:40,5.210030079,0.171679351
05/01/2010 05:50,4.614019871,0.14242106
05/01/2010 06:00,5.061779976,0.139681572
05/01/2010 06:10,4.817749977,0.098998533
05/01/2010 06:20,4.534349918,0.07377934
05/01/2010 06:30,5.418260098,0.042495301
05/01/2010 06:40,5.740280151,0.06196803
05/01/2010 06:50,5.036449909,0.037631837
05/01/2010 07:00,4.961830139,0.0304111
05/01/2010 07:10,4.602920055,0.063386249
05/01/2010 07:20,4.913400173,0.095085492
05/01/2010 07:30,4.724410057,0.087852035
05/01/2010 07:40,4.745610237,0.092939748
05/01/2010 07:50,4.518959999,0.088822409
05/01/2010 08:00,4.53346014,0.086467125
05/01/2010 08:10,4.32118988,0.067954526
05/01/2010 08:20,3.885360003,0.050551551
05/01/2010 08:30,4.289269924,0.033368625
05/01/2010 08:40,4.374839783,0.017330888
05/01/2010 08:50,4.263730049,0.013482815
05/01/2010 09:00,4.399879932,0.013805851
05/01/2010 09:10,3.917510033,0.016658595
05/01/2010 09:20,3.551310062,0.013389341
05/01/2010 09:30,3.467089891,0.013278933
05/01/2010 09:40,3.547290087,0.010885557
05/01/2010 09:50,2.947570086,0.009306051
05/01/2010 10:00,3.268049955,0.010633401
05/01/2010 10:10,3.082730055,0.014369221
05/01/2010 10:20,3.07133007,0.021721001
05/01/2010 10:30,3.222749949,0.0175204
05/01/2010 10:40,3.574219942,0.012308184
05/01/2010 10:50,4.444489956,0.016980532
05/01/2010 11:00,4.199389935,0.009682338
05/01/2010 11:10,4.21860981,0.010607346
05/01/2010 11:20,3.392640114,0.003001404
05/01/2010 11:30,3.036789894,-0.001139862
05/01/2010 11:40,3.152610064,-0.001402617
05/01/2010 11:50,3.023869991,-0.003187891
05/01/2010 12:00,2.894619942,-0.003119724
05/01/2010 12:10,2.472729921,-0.003419017
05/01/2010 12:20,2.784529924,-0.003916364
05/01/2010 12:30,3.521110058,-0.002310647
05/01/2010 12:40,2.870569944,-0.003856162
05/01/2010 12:50,2.016860008,-0.003740882
05/01/2010 13:00,1.356400013,-0.00344369
05/01/2010 13:10,1.743800044,-0.003318338
05/01/2010 13:20,1.302170038,-0.003285553
05/01/2010 13:30,1.342069983,-0.003470391
05/01/2010 13:40,1.198709965,-0.003655072
05/01/2010 13:50,1.785740018,-0.003751292
05/01/2010 14:00,1.789690018,-0.003858727
05/01/2010 14:10,1.903329968,-0.003857893
05/01/2010 14:20,2.259900093,-0.003871497
05/01/2010 14:30,1.867949963,-0.003896881
05/01/2010 14:40,1.71973002,-0.003690443
05/01/2010 14:50,2.222389936,-0.003295355
05/01/2010 15:00,3.056260109,-0.00188291
05/01/2010 15:10,3.806279898,-0.00061524
05/01/2010 15:20,3.057519913,-0.001098234
05/01/2010 15:30,2.313950062,-0.003210525
05/01/2010 15:40,2.806299925,-0.003505123
05/01/2010 15:50,2.292030096,-0.00366926
05/01/2010 16:00,2.051810026,-0.0036803
05/01/2010 16:10,1.911260009,-0.003712472
05/01/2010 16:20,2.057019949,-0.003715357
05/01/2010 16:30,1.602040052,-0.003541397
05/01/2010 16:40,1.315750003,-0.003346698
05/01/2010 16:50,1.445760012,-0.003317853
05/01/2010 17:00,2.166840076,-0.003544429
05/01/2010 17:10,2.357800007,-0.003273804
05/01/2010 17:20,2.561719894,-0.003342921
05/01/2010 17:30,1.977390051,-0.002751088
05/01/2010 17:40,2.442610025,-0.00205564
05/01/2010 17:50,3.288729906,-0.001319127
05/01/2010 18:00,3.884160042,0.005072405
05/01/2010 18:10,2.889400005,0.012215123
05/01/2010 18:20,2.63448,0.009394103
05/01/2010 18:30,2.413539886,0.007406338
05/01/2010 18:40,3.317749977,0.01077399
05/01/2010 18:50,3.403330088,0.014472415
05/01/2010 19:00,3.299540043,0.009652817
05/01/2010 19:10,2.532510042,0.00397492
05/01/2010 19:20,2.371340036,0.000609931
05/01/2010 19:30,2.541909933,0.000880182
05/01/2010 19:40,2.773469925,0.005601513
05/01/2010 19:50,2.822459936,0.00467347
05/01/2010 20:00,2.565020084,0.004510895
05/01/2010 20:10,2.437060118,0.000509241
05/01/2010 20:20,2.522949934,0.001156992
05/01/2010 20:30,3.826309919,0.006529997
05/01/2010 20:40,4.935359955,0.011704377
05/01/2010 20:50,4.786159992,0.010882986
05/01/2010 21:00,3.534640074,0.005425836
05/01/2010 21:10,3.506880045,-4.05E-05
05/01/2010 21:20,3.251919985,-0.000780775
05/01/2010 21:30,2.827270031,-0.002036472
05/01/2010 21:40,3.028009892,-0.002259518
05/01/2010 21:50,1.679180026,-0.003392667
05/01/2010 22:00,1.276299953,-0.003524747
05/01/2010 22:10,0.94700098,-0.003397635
05/01/2010 22:20,1.957559943,-0.003285281
05/01/2010 22:30,1.708719969,-0.003382614
05/01/2010 22:40,1.999690056,-0.00326493
05/01/2010 22:50,2.469180107,-0.002629009
05/01/2010 23:00,2.55862999,-0.001796909
05/01/2010 23:10,2.708920002,-0.001853982
05/01/2010 23:20,2.147079945,-0.002519292
05/01/2010 23:30,2.100950003,-0.00290103
05/01/2010 23:40,1.269430041,-0.003631421
05/01/2010 23:50,0.667613983,-0.003676647
06/01/2010 00:00,0.864930987,-0.003676792
06/01/2010 00:10,1.389860034,-0.003665648
06/01/2010 00:20,1.760089993,-0.003635162
06/01/2010 00:30,1.363729954,-0.003646901
06/01/2010 00:40,1.229650021,-0.003630374
06/01/2010 00:50,2.18524003,-0.003598729
06/01/2010 01:00,2.688539982,-0.002493929
06/01/2010 01:10,2.380919933,-0.002536451
06/01/2010 01:20,2.973180056,-0.000560193
06/01/2010 01:30,3.101520061,-0.000851024
06/01/2010 01:40,3.031330109,-6.50E-05
06/01/2010 01:50,2.830519915,0.001729095
06/01/2010 02:00,2.911439896,0.005831247
06/01/2010 02:10,2.124219894,0.007269622
06/01/2010 02:20,1.997979999,0.00316595
06/01/2010 02:30,2.118149996,-0.001586508
06/01/2010 02:40,1.104529977,-0.003170933
06/01/2010 02:50,1.988000035,-0.003067497
06/01/2010 03:00,2.03963995,-0.002880759
06/01/2010 03:10,1.957610011,-0.002134637
06/01/2010 03:20,1.952800035,-0.001213411
06/01/2010 03:30,2.833980083,-0.003031284
06/01/2010 03:40,2.274399996,-0.003172382
06/01/2010 03:50,1.839540005,-0.003430622
06/01/2010 04:00,1.705710053,-0.003402523
06/01/2010 04:10,2.34145999,-0.003335754
06/01/2010 04:20,2.014100075,-0.003509151
06/01/2010 04:30,1.866090059,-0.003610056
06/01/2010 04:40,1.947829962,-0.001866019
06/01/2010 04:50,2.881560087,0.001973575
06/01/2010 05:00,2.621920109,0.004451329
06/01/2010 05:10,2.340610027,0.00728984
06/01/2010 05:20,2.642869949,0.011948212
06/01/2010 05:30,3.703730106,0.019969242
06/01/2010 05:40,3.449959993,0.014083642
06/01/2010 05:50,3.348119974,0.015576879
06/01/2010 06:00,3.930840015,0.024116637
06/01/2010 06:10,4.337820053,0.024098853
06/01/2010 06:20,4.701449871,0.022641302
06/01/2010 06:30,4.399620056,0.015919787
06/01/2010 06:40,3.437659979,0.009338799
06/01/2010 06:50,3.502460003,0.010174783
06/01/2010 07:00,4.305119991,0.018839483
06/01/2010 07:10,3.958960056,0.012795194
06/01/2010 07:20,4.203350067,0.007732566
06/01/2010 07:30,4.162020206,0.012710436
06/01/2010 07:40,4.073870182,0.019116588
06/01/2010 07:50,4.407139778,0.031232048
06/01/2010 08:00,4.784850121,0.03562704
06/01/2010 08:10,4.472459793,0.041248689
06/01/2010 08:20,3.839169979,0.039080667
06/01/2010 08:30,3.829639912,0.046807321
06/01/2010 08:40,3.578850031,0.053118655
06/01/2010 08:50,3.90335989,0.064100829
06/01/2010 09:00,4.648530006,0.085853254
06/01/2010 09:10,5.164090157,0.152146838
06/01/2010 09:20,7.414179802,0.260694407
06/01/2010 09:30,7.647480011,0.340129241
06/01/2010 09:40,7.139979839,0.253922346
06/01/2010 09:50,7.128990173,0.189085309
06/01/2010 10:00,6.485380173,0.162095412
06/01/2010 10:10,6.393589973,0.139781145
06/01/2010 10:20,6.887239933,0.144749808
06/01/2010 10:30,7.091149807,0.151715473
06/01/2010 10:40,6.274740219,0.142909753
06/01/2010 10:50,6.155630112,0.159499476
06/01/2010 11:00,6.914460182,0.196499743
06/01/2010 11:10,6.663579941,0.228980819
06/01/2010 11:20,6.299990177,0.175277291
06/01/2010 11:30,6.483510017,0.165742664
06/01/2010 11:40,6.129779816,0.14884035
06/01/2010 11:50,7.646319866,0.196798927
06/01/2010 12:00,7.308020115,0.19440664
06/01/2010 12:10,6.874539852,0.219192199
06/01/2010 12:20,6.956439972,0.229856118
06/01/2010 12:30,6.714809895,0.221811275
06/01/2010 12:40,7.290200233,0.250904565
06/01/2010 12:50,7.91700983,0.257808281
06/01/2010 13:00,6.187510014,0.201390403
06/01/2010 13:10,6.442039967,0.174635695
06/01/2010 13:20,5.976409912,0.16984159
06/01/2010 13:30,6.893730164,0.221098075
06/01/2010 13:40,8.625249863,0.313798135
06/01/2010 13:50,8.877809525,0.317769906
06/01/2010 14:00,7.066659927,0.297825635
06/01/2010 14:10,6.993599892,0.285794229
06/01/2010 14:20,6.92261982,0.179431494
06/01/2010 14:30,7.520820141,0.191904403
06/01/2010 14:40,6.832970142,0.217668194
06/01/2010 14:50,7.447810173,0.237410961
06/01/2010 15:00,8.343090057,0.244272728
06/01/2010 15:10,8.397689819,0.22028144
06/01/2010 15:20,7.959390163,0.260281178
06/01/2010 15:30,7.649129868,0.244849343
06/01/2010 15:40,7.979670048,0.291979993
06/01/2010 15:50,7.433460236,0.270817521
06/01/2010 16:00,7.545300007,0.255953115
06/01/2010 16:10,8.393799782,0.309603786
06/01/2010 16:20,6.764319897,0.295134692
06/01/2010 16:30,6.115600109,0.209440215
06/01/2010 16:40,7.992660046,0.20345237
06/01/2010 16:50,6.516039848,0.27643816
06/01/2010 17:00,6.413619995,0.24852997
06/01/2010 17:10,7.681900024,0.409496562
06/01/2010 17:20,7.396220207,0.42625508
06/01/2010 17:30,7.288320065,0.394227171
06/01/2010 17:40,6.569890022,0.314889709
06/01/2010 17:50,6.262639999,0.328652732
06/01/2010 18:00,7.338069916,0.34188629
06/01/2010 18:10,7.292109966,0.317762234
06/01/2010 18:20,6.824180126,0.279142515
06/01/2010 18:30,8.472979546,0.294794287
06/01/2010 18:40,8.949689865,0.235878473
06/01/2010 18:50,7.266389847,0.24023946
06/01/2010 19:00,7.120460033,0.234560837
06/01/2010 19:10,6.1803298,0.171387
06/01/2010 19:20,4.885829926,0.179996986
06/01/2010 19:30,5.905819893,0.247173663
06/01/2010 19:40,7.095940113,0.365327642
06/01/2010 19:50,8.976679802,0.499451086
06/01/2010 20:00,11.2258997,0.660744143
06/01/2010 20:10,11.25510025,0.673919355
06/01/2010 20:20,10.99600029,0.676099687
06/01/2010 20:30,11.91349983,0.830783862
06/01/2010 20:40,13.05230045,0.877961885
06/01/2010 20:50,13.63070011,0.903017507
06/01/2010 21:00,12.60550022,0.842255693
06/01/2010 21:10,12.89089966,0.856831637
06/01/2010 21:20,13.07400036,0.874656718
06/01/2010 21:30,11.88119984,0.771892338
06/01/2010 21:40,12.26930046,0.827229899
06/01/2010 21:50,11.4982996,0.820958206
06/01/2010 22:00,12.16009998,0.80841949
06/01/2010 22:10,12.18589973,0.803815058
06/01/2010 22:20,11.88269997,0.796872211
06/01/2010 22:30,12.3572998,0.787664086
06/01/2010 22:40,11.52029991,0.665314047
06/01/2010 22:50,12.00979996,0.761055559
06/01/2010 23:00,12.11130047,0.699405926
06/01/2010 23:10,11.25559998,0.581420178
06/01/2010 23:20,10.12339973,0.482860558
06/01/2010 23:30,8.622989655,0.428795043
06/01/2010 23:40,8.302140236,0.394664541
06/01/2010 23:50,10.04179955,0.47032126
07/01/2010 00:00,9.822580338,0.429735886
07/01/2010 00:10,8.317879677,0.406606665
07/01/2010 00:20,8.386500359,0.431984661
07/01/2010 00:30,10.1552,0.481615481
07/01/2010 00:40,10.42140007,0.539700306
07/01/2010 00:50,9.237010002,0.508557093
07/01/2010 01:00,9.562509537,0.505684437
07/01/2010 01:10,9.93089962,0.476254278
07/01/2010 01:20,9.685979843,0.485236546
07/01/2010 01:30,9.246080399,0.437709954
07/01/2010 01:40,7.136899948,0.301694108
07/01/2010 01:50,7.411359787,0.238259511
07/01/2010 02:00,7.826039791,0.210656472
07/01/2010 02:10,5.930140018,0.154250883
07/01/2010 02:20,5.94122982,0.083346981
07/01/2010 02:30,4.131000042,0.058198677
07/01/2010 02:40,4.120130062,0.051490189
07/01/2010 02:50,3.737099886,0.061049126
07/01/2010 03:00,4.94825983,0.089269207
07/01/2010 03:10,6.305449963,0.115521316
07/01/2010 03:20,6.416039944,0.144791226
07/01/2010 03:30,6.754970074,0.149683124
07/01/2010 03:40,7.206309795,0.217974603
07/01/2010 03:50,7.494860172,0.256025849
07/01/2010 04:00,7.817120075,0.281402088
07/01/2010 04:10,7.33137989,0.261756754
07/01/2010 04:20,7.823430061,0.283057323
07/01/2010 04:30,7.274409771,0.287782387
07/01/2010 04:40,7.081289768,0.311345006
07/01/2010 04:50,6.710959911,0.251724277
07/01/2010 05:00,7.34664011,0.234953288
07/01/2010 05:10,7.543379784,0.265015696
07/01/2010 05:20,7.794789791,0.266913087
07/01/2010 05:30,7.717020035,0.305336517
07/01/2010 05:40,8.580140114,0.324422517
07/01/2010 05:50,8.715390205,0.373119961
07/01/2010 06:00,8.655240059,0.490344022
07/01/2010 06:10,8.010219574,0.390202171
07/01/2010 06:20,8.240369797,0.351691229
07/01/2010 06:30,8.444840431,0.326529396
07/01/2010 06:40,7.688220024,0.334215466
07/01/2010 06:50,7.633979797,0.350724955
07/01/2010 07:00,8.625740051,0.331502239
07/01/2010 07:10,8.183150291,0.286365276
07/01/2010 07:20,7.881820202,0.228868002
07/01/2010 07:30,7.246200085,0.239950879
07/01/2010 07:40,7.93076992,0.248183005
07/01/2010 07:50,7.424980164,0.252215435
07/01/2010 08:00,7.979949951,0.238217037
07/01/2010 08:10,7.813680172,0.257803947
07/01/2010 08:20,8.050279617,0.317073533
07/01/2010 08:30,8.388850212,0.332555958
07/01/2010 08:40,7.32103014,0.311129068
07/01/2010 08:50,7.796569824,0.330798632
07/01/2010 09:00,9.303979874,0.371822359
07/01/2010 09:10,9.001379967,0.386165505
07/01/2010 09:20,7.973450184,0.318343306
07/01/2010 09:30,8.284879684,0.257219497
07/01/2010 09:40,8.329680443,0.220227142
07/01/2010 09:50,8.119890213,0.195134536
07/01/2010 10:00,8.472140312,0.18920429
07/01/2010 10:10,8.446229935,0.256909569
07/01/2010 10:20,8.901519775,0.281270283
07/01/2010 10:30,8.449709892,0.283477639
07/01/2010 10:40,8.632880211,0.265796705
07/01/2010 10:50,8.473679543,0.276294811
07/01/2010 11:00,7.999360085,0.383411468
07/01/2010 11:10,9.488739967,0.424084619
07/01/2010 11:20,9.66711998,0.36947112
07/01/2010 11:30,8.438099861,0.285584059
07/01/2010 11:40,8.586709976,0.290369876
07/01/2010 11:50,7.627270222,0.279795545
07/01/2010 12:00,7.554140091,0.325135044
07/01/2010 12:10,8.689660072,0.367250905
07/01/2010 12:20,8.124369621,0.362504302
07/01/2010 12:30,7.785630226,0.462833014
07/01/2010 12:40,7.58509016,0.60061855
07/01/2010 12:50,8.379659653,0.750177927
07/01/2010 13:00,9.387639999,0.715921525
07/01/2010 13:10,8.828160286,0.608543839
07/01/2010 13:20,8.96557045,0.555096573
07/01/2010 13:30,9.131629944,0.590402725
07/01/2010 13:40,9.686750412,0.515803076
07/01/2010 13:50,10.01000023,0.565464423
07/01/2010 14:00,9.651359558,0.625707446
07/01/2010 14:10,10.86639977,0.655874249
07/01/2010 14:20,10.2361002,0.585244374
07/01/2010 14:30,9.622130394,0.478110874
07/01/2010 14:40,9.279829979,0.484304815
07/01/2010 14:50,10.70940018,0.660789993
07/01/2010 15:00,14.03450012,0.804099063
07/01/2010 15:10,11.95149994,0.683795107
07/01/2010 15:20,9.497150421,0.498172913
07/01/2010 15:30,9.478369713,0.3552423
07/01/2010 15:40,8.291589737,0.262171794
07/01/2010 15:50,6.997300148,0.447640809
07/01/2010 16:00,9.720359802,0.644468275
07/01/2010 16:10,11.7251997,0.857133387
07/01/2010 16:20,13.86610031,0.945805081
07/01/2010 16:30,14.3586998,0.930451402
07/01/2010 16:40,10.91100025,0.907727748
07/01/2010 16:50,11.03719997,0.902980934
07/01/2010 17:00,11.00839996,0.777544894
07/01/2010 17:10,10.78190041,0.765930249
07/01/2010 17:20,11.84659958,0.905059876
07/01/2010 17:30,11.93060017,0.939799104
07/01/2010 17:40,12.25580025,0.939192479
07/01/2010 17:50,11.87240028,0.93909777
07/01/2010 18:00,12.31029987,0.958163996
07/01/2010 18:10,12.75220013,0.942815594
07/01/2010 18:20,13.52289963,0.943166739
07/01/2010 18:30,11.75020027,0.945014754
07/01/2010 18:40,12.69589996,0.955684389
07/01/2010 18:50,13.67450047,0.944335335
07/01/2010 19:00,13.98659992,0.912554626
07/01/2010 19:10,11.50370026,0.889498739
07/01/2010 19:20,12.00090027,0.938111833
07/01/2010 19:30,12.36849976,0.958467653
07/01/2010 19:40,13.87059975,0.965503817
07/01/2010 19:50,15.8149004,0.967016582
07/01/2010 20:00,14.86170006,0.96651392
07/01/2010 20:10,15.2105999,0.961129693
07/01/2010 20:20,14.41479969,0.950523208
07/01/2010 20:30,15.29810047,0.945267275
07/01/2010 20:40,13.89939976,0.955213689
07/01/2010 20:50,14.94709969,0.972717933
07/01/2010 21:00,15.65919971,0.983584137
07/01/2010 21:10,17.61440086,0.983727019
07/01/2010 21:20,17.75600052,0.983736595
07/01/2010 21:30,16.75090027,0.983764862
07/01/2010 21:40,15.62689972,0.983757142
07/01/2010 21:50,15.37139988,0.983755401
07/01/2010 22:00,15.99559975,0.983620237
07/01/2010 22:10,15.6012001,0.983665815
07/01/2010 22:20,14.7031002,0.983290859
07/01/2010 22:30,16.18969917,0.983626037
07/01/2010 22:40,15.55000019,0.983772676
07/01/2010 22:50,16.40379906,0.982808495
07/01/2010 23:00,16.02820015,0.97928608
07/01/2010 23:10,15.39360046,0.979573789
07/01/2010 23:20,15.19330025,0.982834876
07/01/2010 23:30,14.60009956,0.981264241
07/01/2010 23:40,13.76710033,0.974625295
07/01/2010 23:50,13.56410027,0.954830186
